"maxR","species"
0.171115998447164,"ARTR"
0.394418962446167,"HECO"
0.529860397393312,"POSE"
0.312625011975833,"PSSP"
