"maxR","species"
0.049135890809868,"ARTR"
0.267251107535704,"HECO"
0.409208410354811,"POSE"
0.217678196800127,"PSSP"
