"maxR","species"
0.0978768852748259,"ARTR"
0.344634135805478,"HECO"
0.517487021936026,"POSE"
0.254706951262265,"PSSP"
